{
  "project_info": {
    "project_number": "660723232882",
    "firebase_url": "https://mastersproject-293220.firebaseio.com",
    "project_id": "mastersproject-293220",
    "storage_bucket": "mastersproject-293220.appspot.com"
  },
  "client": [
    {
      "client_info": {
        "mobilesdk_app_id": "1:660723232882:android:37e5339b811712cfa592eb",
        "android_client_info": {
          "package_name": "com.example.ManagerApplication"
        }
      },
      "oauth_client": [
        {
          "client_id": "660723232882-e67b50j1l4reuoa5otkp5673okrvrsl6.apps.googleusercontent.com",
          "client_type": 3
        }
      ],
      "api_key": [
        {
          "current_key": "AIzaSyBpDolMwhDU-V3Af--U9mcWSnO7Ho4NqnU"
        }
      ],
      "services": {
        "appinvite_service": {
          "other_platform_oauth_client": [
            {
              "client_id": "660723232882-e67b50j1l4reuoa5otkp5673okrvrsl6.apps.googleusercontent.com",
              "client_type": 3
            },
            {
              "client_id": "660723232882-0vvriove94id9om0kkonapp5rgv4tu5j.apps.googleusercontent.com",
              "client_type": 2,
              "ios_info": {
                "bundle_id": "com.example.myApp"
              }
            }
          ]
        }
      }
    },
    {
      "client_info": {
        "mobilesdk_app_id": "1:660723232882:android:4f7f1f93fe3f5b66a592eb",
        "android_client_info": {
          "package_name": "com.example.my_app"
        }
      },
      "oauth_client": [
        {
          "client_id": "660723232882-t84t1on7u6fhfvgkla9p8r0ndv5s8dbe.apps.googleusercontent.com",
          "client_type": 1,
          "android_info": {
            "package_name": "com.example.my_app",
            "certificate_hash": "97fc96e9ae5e9cfd6f53c270eb4bdd931934d6ea"
          }
        },
        {
          "client_id": "660723232882-e67b50j1l4reuoa5otkp5673okrvrsl6.apps.googleusercontent.com",
          "client_type": 3
        }
      ],
      "api_key": [
        {
          "current_key": "AIzaSyBpDolMwhDU-V3Af--U9mcWSnO7Ho4NqnU"
        }
      ],
      "services": {
        "appinvite_service": {
          "other_platform_oauth_client": [
            {
              "client_id": "660723232882-e67b50j1l4reuoa5otkp5673okrvrsl6.apps.googleusercontent.com",
              "client_type": 3
            },
            {
              "client_id": "660723232882-0vvriove94id9om0kkonapp5rgv4tu5j.apps.googleusercontent.com",
              "client_type": 2,
              "ios_info": {
                "bundle_id": "com.example.myApp"
              }
            }
          ]
        }
      }
    },
    {
      "client_info": {
        "mobilesdk_app_id": "1:660723232882:android:46383964811d37f4a592eb",
        "android_client_info": {
          "package_name": "dev.dexterx.ManagerApplication"
        }
      },
      "oauth_client": [
        {
          "client_id": "660723232882-e67b50j1l4reuoa5otkp5673okrvrsl6.apps.googleusercontent.com",
          "client_type": 3
        }
      ],
      "api_key": [
        {
          "current_key": "AIzaSyBpDolMwhDU-V3Af--U9mcWSnO7Ho4NqnU"
        }
      ],
      "services": {
        "appinvite_service": {
          "other_platform_oauth_client": [
            {
              "client_id": "660723232882-e67b50j1l4reuoa5otkp5673okrvrsl6.apps.googleusercontent.com",
              "client_type": 3
            },
            {
              "client_id": "660723232882-0vvriove94id9om0kkonapp5rgv4tu5j.apps.googleusercontent.com",
              "client_type": 2,
              "ios_info": {
                "bundle_id": "com.example.myApp"
              }
            }
          ]
        }
      }
    }
  ],
  "configuration_version": "1"
}